{"cameraMode":{"drawMode":0,"name":"Shaded","section":"Shading Mode"},"sceneLighting":false,"audioPlay":false,"sceneViewState":{"m_AlwaysRefresh":false,"showFog":true,"showSkybox":false,"showFlares":true,"showImageEffects":true,"showParticleSystems":true,"showVisualEffectGraphs":true,"m_FxEnabled":true},"in2DMode":false,"pivot":{"x":-0.636022686958313,"y":1.2510464191436768,"z":0.26093626022338869},"rotation":{"x":-0.0006694902549497783,"y":-0.9991788864135742,"z":0.03598602116107941,"w":-0.018588479608297349},"size":1.6459226608276368,"orthographic":false}