{"cameraMode":{"drawMode":0,"name":"Shaded","section":"Shading Mode"},"sceneLighting":false,"audioPlay":false,"sceneViewState":{"m_AlwaysRefresh":false,"showFog":true,"showSkybox":false,"showFlares":true,"showImageEffects":true,"showParticleSystems":true,"showVisualEffectGraphs":true,"m_FxEnabled":true},"in2DMode":false,"pivot":{"x":0.4772658348083496,"y":-0.06080889701843262,"z":-0.08002948760986328},"rotation":{"x":0.0011909186141565443,"y":-0.0024025365710258486,"z":-0.0000034179161048086827,"w":-0.9999997615814209},"size":5.841650009155273,"orthographic":false}